Time [s],date,Altitude [m],Altitude [km],Lat [deg],Lon [deg],Velocity [k/s],Downrange [m],Downrange [km],v_x,v_y,FPA (rad),FPA (deg),rho,a_drag,n,dv_drag,dv_drag_x,dv_drag_y,dv_grav_y,dv_orb_y,dv_lift_x,dv_lift_y,dv_net_x,dv_net_y,h,p_amb,Ma,p_dyn (Pa),p_dyn (hPa),p_tot (Pa),p_tot (hPa),q_conv,q_int_conv,q_rad,q_int_rad,q_combined,q_int_combined,T_rad_equil_comb,Velocity [m/s]
0.0,2023-07-09 21:00:00.000,120000.0,120.0,0.0,0.0,7800.0,0.0,0.0,7792.576128338491,340.2312214496208,-0.04363323129985824,-2.5,1.581679853757123e-08,0.002405735057564584,0.0002453167042327996,0.00024057350575645842,0.00024034453308570262,1.049366893742785e-05,0.9447812529968875,0.9344508625208422,-0.0,0.0,0.00024034453308570262,-0.010319896807107876,30.42,4.4302482034254353e-05,124.55921061444576,0.48114701151291683,0.004811470115129168,0.4811913139949511,0.0048119131399495104,7.195359295805077,0.0,1.12639645076859e-05,0.0,7.195370559769585,0.0,621.5923109904841,
2.9000000000000004,2023-07-09 21:00:02.900,119012.97600982827,119.01297600982826,-0.06942921231135799,0.19075519360601798,,22598.460594624496,22.598460594624495,7792.568685107341,340.4826153489197,-0.043665472220795726,-2.501847268697333,1.6931313240320378e-08,0.0027543433789136555,0.00028086485995866637,0.00027543433789136557,0.00027517179793857036,1.2023148876627238e-05,0.9450683193471342,0.9363752575546503,-0.0,0.0,0.00027517179793857036,-0.008681038643607253,30.420027561735193,4.865662788506597e-05,127.17566441853619,0.5508686757827311,0.005508686757827311,0.5150972136800217,0.005509173324106162,7.6990656171385785,0.021559208270795365,1.398700635124737e-05,3.631235646833243e-08,7.69907960414493,0.02155924458315183,626.8497826309956,7800.003533554994
5.800000000000001,2023-07-09 21:00:05.800,118025.22217869069,118.02522217869068,-0.1388583537200297,0.381510192408505,,45196.8981111884,45.196898111188396,7792.560142983736,340.7363616785369,-0.04369802057231403,-2.50371215186944,1.9478346047208106e-08,0.0031686917089882747,0.0003231166309584083,0.0003168691708988275,0.00031656668550223,1.3842149263844137e-05,0.9453557289648066,0.9365182412116448,-0.0,0.0,0.00031656668550223,-0.008823645603897923,30.420047425094314,5.3676329051995706e-05,129.871712819328,0.633738341797655,0.0063373834179765495,0.5925832224828996,0.006337920181267069,8.257893115432276,0.044654829888116934,1.7502680794176302e-05,8.157773506417264e-08,8.25791061811307,0.044654911465851994,637.9273204405754,7800.006080137927
8.8,2023-07-09 21:00:08.800,117002.62726737143,117.00262726737142,-0.2106815174743402,0.5788427135655795,,68574.5641086681,68.5745641086681,7792.5499264240025,341.0032115832181,-0.04373225662506504,-2.5056737331992602,2.252380681966315e-08,0.003681715242022779,0.00037543047238585846,0.0003681715242022779,0.0003678195143990158,1.6095839856954603e-05,0.9456534145422426,0.936666030380322,-0.0,0.0,0.0003678195143990158,-0.00897128832206362,30.420058773060397,5.97065883112009e-05,132.73331702241248,0.7363430484045558,0.007363430484045558,0.6852321659214157,0.00736402754992867,8.901322239597402,0.0703438915651567,2.225242441126346e-05,1.4064757843833956e-07,8.901344492021813,0.07034403221273516,649.6087115465141,7800.007535004103
11.700000000000001,2023-07-09 21:00:11.700,116013.35192023726,116.01335192023726,-0.28011047952693313,0.7695972195912857,,91172.94324676042,91.17294324676043,7792.53845231336,341.26537820457344,-0.04376589987357855,-2.5076013493481937,2.6173060163614537e-08,0.004277701497793142,0.00043620415715796344,0.00042777014977931423,0.000427360528149387,1.8715769342826987e-05,0.9459415343584578,0.9368087109546203,-0.0,0.0,0.000427360528149387,-0.009114107634494717,30.420058794571702,6.650857445492874e-05,135.56026092500642,0.8555402995586283,0.008555402995586284,0.7962492444589256,0.008556068081330833,9.594772104869227,0.09711055465730647,2.8290054480267803e-05,2.1323541500142763e-07,9.594800394923707,0.09711076789272138,661.9169814665086,7800.0075377619605
14.600000000000001,2023-07-09 21:00:14.600,115023.31049042154,115.02331049042154,-0.34953933147855626,0.9603514231170612,,113771.2865481731,113.7712865481731,7792.525088096946,341.5316876839294,-0.043800084358048996,-2.5095599760331813,3.048976893182953e-08,0.004994895704102687,0.0005093376131607315,0.0004994895704102687,0.0004990105247716508,2.1870690792851367e-05,0.9462300091398834,0.9369511375942322,-0.0,0.0,0.0004990105247716508,-0.009257000854858366,30.420045571156276,7.446437204635004e-05,138.4378749848164,0.9989791408205373,0.009989791408205374,0.9275708791477415,0.009990536051925836,10.367939381400431,0.12599738340059666,3.625257012130255e-05,3.058863906962928e-07,10.367975633970552,0.1259976892869873,674.6647118153473,7800.005842453745
17.5,2023-07-09 21:00:17.500,114032.49096098512,114.03249096098511,-0.41896805487532773,1.1511052734412819,,136369.58800636642,136.36958800636643,7792.50944454756,341.80214176684837,-0.04383481251146384,-2.511549752654134,3.569616779941498e-08,0.005861505558183643,0.0005977072250140102,0.0005861505558183643,0.0005855875045385127,2.5685572108381173e-05,0.9465188427771207,0.937093218656791,-0.0,0.0,0.0005855875045385127,-0.00939993854822141,30.420016073739664,8.381470645872468e-05,141.3547654232642,1.1723011116367286,0.011723011116367286,1.0859577824426938,0.011723849263431873,11.231387377564284,0.15725016550435975,4.6828483753289034e-05,4.2509411451646426e-07,11.231434206048037,0.15725059059847435,688.0868688855617,7800.002060735582
20.5,2023-07-09 21:00:20.500,113006.67363705127,113.00667363705126,-0.49079071312891603,1.348436405746525,,159747.08946880646,159.74708946880645,7792.4903524416695,342.0862841773187,-0.0438713133144047,-2.5136410946114847,4.212023085869987e-08,0.006951288025278109,0.0007088341100455416,0.000695128802527811,0.0006944599553467593,3.0486431793923458e-05,0.9468180179756364,0.9372397146918638,-0.0,0.0,0.0006944599553467593,-0.009547816851978586,30.419964459359374,9.527328866897733e-05,144.38199601297964,1.390257605055622,0.013902576050556219,1.2813866800123006,0.01390352878344291,12.23096493340769,0.19236524343468187,6.151739088597436e-05,5.85773411824431e-07,12.231026450798577,0.19236582920809384,702.4572513961525,7799.995443506281
23.400000000000002,2023-07-09 21:00:23.400,112014.23397060779,112.01423397060779,-0.560219101138418,1.5391893346017873,,182345.28176205637,182.34528176205637,7792.468479490895,342.36517188050965,-0.04390715679582458,-2.5156947748198992,4.992708113604749e-08,0.00823375505165181,0.000839609351985827,0.0008233755051651811,0.0008225819651966022,3.61404626328038e-05,0.9471075937415727,0.937380715733487,-0.0,0.0,0.0008225819651966022,-0.00969073754545291,30.419889457387953,0.00010845054819037614,147.28179668603974,1.646751010330362,0.01646751010330362,1.5188798852661893,0.01646859460878552,13.31146883786008,0.22931912512194128,8.065797689983415e-05,7.896048673351439e-07,13.31154949583698,0.22931991472680865,717.5483125380476,7799.985827857376
26.3,2023-07-09 21:00:26.300,111020.97972806469,111.02097972806469,-0.6296472772717305,1.7299416813319994,,204943.40509188914,204.94340509188913,7792.44251765373,342.6482033098816,-0.04394355412987105,-2.51778018844629,5.9268977281590196e-08,0.00979286825677854,0.000998594653299398,0.0009792868256778542,0.0009783414587880047,4.301949514774397e-05,0.9473975402161128,0.9375209417717812,-0.0,0.0,0.0009783414587880047,-0.009833578949183797,30.419784091084544,0.00012415053370568786,150.12279390673828,1.9585736513557082,0.01958573651355708,1.803069052357031,0.019586978018894138,14.517119776488094,0.26957848169011067,0.00010644922130227427,1.0577550094636904e-06,14.517226225709397,0.2695795394451201,733.0936241393518,7799.972319320696
29.200000000000003,2023-07-09 21:00:29.200,110026.8988965651,110.02689889656509,-0.6990752014232043,1.9206933357477938,,227541.44640434775,227.54144640434774,7792.411581450458,342.9353753322973,-0.04398050996388585,-2.5198976017637236,7.063461282541539e-08,0.01169090329564194,0.001192140363492318,0.001169090329564194,0.001167959834712676,5.140061457273347e-05,0.9476878613174446,0.9376601816373367,-0.0,0.0,0.001167959834712676,-0.00997627906553522,30.419641463188768,0.0001429246401967248,152.87499579841395,2.3381806591283882,0.02338180659128388,2.1488180801587276,0.02338323583768585,15.86161856494748,0.31352508111888894,0.00014133123129030938,1.412738211384712e-06,15.861759896178771,0.3135264938571004,749.3420392790335,7799.954033606707
32.1,2023-07-09 21:00:32.100,109031.97947506007,109.03197947506007,-0.7685028247682772,2.1114441637047863,,250139.38980756313,250.13938980756313,7792.374585575609,343.2266827988592,-0.04401802983308599,-2.5220473319167747,8.448076016520645e-08,0.014004381407064287,0.0014280494773510105,0.0014004381407064287,0.0013990816244252087,6.162462284669958e-05,0.9479785609674967,0.9377981760112997,-0.0,0.0,0.0013990816244252087,-0.010118760333350352,30.419453118854875,0.00016545370106905467,155.5104935485801,2.800876281412857,0.028008762814128573,2.5700205897688435,0.028010417351139263,17.36012084318237,0.3615825544895736,0.00018866719651031751,1.8853687942276774e-06,17.36030951037888,0.36158443985836797,766.2924325351692,7799.929886717557
35.1,2023-07-09 21:00:35.100,108001.85726894821,108.00185726894821,-0.8403241240901009,2.30877156237566,,273516.4489523525,273.5164489523525,7792.328519669327,343.5323790336342,-0.04405744409574788,-2.524305602819921,1.0169758013489627e-07,0.01693406884839178,0.0017267944556389574,0.0016934068848391782,0.0016917636498537353,7.458304535414279e-05,0.9482796872738479,0.9379392788997744,-0.0,0.0,0.0016917636498537353,-0.010265825328719447,30.419199126948232,0.00019360018385850708,158.08612554850976,3.386813769678356,0.03386813769678356,3.0937514964132835,0.03387007369862214,19.08964328939333,0.416122815587904,0.0002556716723302974,2.5431828451451234e-06,19.08989896106566,0.416125358770749,784.2523247518716,7799.897323291921
38.0,2023-07-09 21:00:38.000,107005.19478985413,107.00519478985413,-0.9097509378140569,2.499520165916897,,296114.128832616,296.114128832616,7792.274775822807,343.8320733826285,-0.04409613334234386,-2.526522333362412,1.2275160088393022e-07,0.020401075432053623,0.0020803307380250773,0.0020401075432053624,0.002038124401670566,8.993170274390425e-05,0.9485711691862919,0.9380736811067367,-0.0,0.0,0.002038124401670566,-0.010407556376811344,30.418883338305488,0.00022654360109663685,160.40452250982784,4.080215086410725,0.040802150864107246,3.7341959815055596,0.04080441630011821,20.952660443700005,0.47404337701798477,0.0003444272065152207,3.4022399498125708e-06,20.95300487090652,0.4740467792579346,802.9193433313179,7799.8568369304685
40.900000000000006,2023-07-09 21:00:40.900,106007.65744937261,106.0076574493726,-0.9791772266975363,2.690267327470764,,318711.63788295793,318.7116378829579,7792.209958204359,344.1358705432013,-0.04413541113297086,-2.5287727849939374,1.4805691250785458e-07,0.02462943606323872,0.00251150352701878,0.002462943606323872,0.0024605451692642816,0.00010866774103591536,0.948863041550088,0.9382056361758752,-0.0,0.0,0.0024605451692642816,-0.010548737633176986,30.41848276506686,0.00026639041605812966,162.53014160525967,4.925887212647744,0.04925887212647744,4.503941655054908,0.04926153603063803,23.021528714906378,0.5376506304591416,0.00046554808431714033,4.561567893515928e-06,23.021994262990695,0.5376551920270352,821.9473531851206,7799.805480275371
43.800000000000004,2023-07-09 21:00:43.800,105009.2333734166,105.0092333734166,-1.0486028819879982,2.8810127482421093,,341308.9407055982,341.3089407055982,7792.131640791205,344.44375264241444,-0.044175289090050404,-2.531057623630199,1.7890589276703395e-07,0.029781223719209982,0.0030368396668801257,0.0029781223719209985,0.0029752170068083152,0.00013151663216081543,0.9491553082791756,0.9383345615937204,-0.0,0.0,0.0029752170068083152,-0.010689230053294363,30.417978503076924,0.0003146735644113505,164.4398672777978,5.956244743841997,0.059562447438419965,5.442290671760117,0.05956559417406408,25.314595661715003,0.6075672695891465,0.0006308503942449084,6.130720387971984e-06,25.31522651210925,0.6075734003095344,841.6187044398649,7799.74082942208
46.7,2023-07-09 21:00:46.700,104009.91074533312,104.00991074533313,-1.118027771201264,3.0717560642336394,,363905.99417836353,363.9059941783635,7792.036891807265,344.75569779443316,-0.044215781243854495,-2.533377653146568,2.1645323045049736e-07,0.03604518732765878,0.0036755861917840225,0.0036045187327658785,0.003600995826071703,0.00015932468570284826,0.9494479732779132,0.9384597528887659,-0.0,0.0,0.003600995826071703,-0.010828895703444363,30.417347707223584,0.0003732348706907942,166.11104680701536,7.209037465531757,0.07209037465531756,6.5843432801573325,0.07209410700402447,27.849305069729724,0.6844677989383847,0.0008561504880674044,8.258845958251119e-06,27.850161220217792,0.6844760577843431,861.8955055483659,7799.659955052346
49.6,2023-07-09 21:00:49.600,103009.67781767086,103.00967781767086,-1.1874517332540147,3.262496832872567,,386502.7458703689,386.5027458703689,7791.922185715444,345.0716799325815,-0.044256904525787476,-2.5357338436410544,2.62055493749358e-07,0.0436455166820868,0.0044506040984522545,0.00436455166820868,0.004360277999776866,0.00019309849591598924,0.9497410404376176,0.9385803623921277,-0.0,0.0,0.004360277999776866,-0.010967579549573947,30.41656290626802,0.00044427501494647006,167.53665968017617,8.72910333641736,0.0872910333641736,7.971336241355883,0.08729547611432306,30.64427374776276,0.7690784168390458,0.0011627013527582132,1.1148153495062862e-05,30.64543644911552,0.7690895649925408,882.7340011561873,7799.559334509613
52.5,2023-07-09 21:00:52.500,102008.52292537177,102.00852292537176,-1.2568745726833956,3.453234517129111,,409099.1321605606,409.0991321605606,7791.783284707261,345.39166798463054,-0.04429867935440519,-2.538127365010732,3.17341147137995e-07,0.05285143645053678,0.005389346662778501,0.005285143645053679,0.005279958781447852,0.0002340483177956978,0.9500345136326745,0.9386953706452573,-0.0,0.0,0.005279958781447852,-0.011105094669621507,30.41559108007834,0.0005304312502412359,168.72515054767155,10.570287290107357,0.10570287290107357,9.652754363170727,0.10570817721357599,33.72050230443493,0.8621832324937184,0.001579133533837832,1.5072366072836106e-05,33.72208143796877,0.8621983048597909,904.1023842301474,7799.434733373739
55.400000000000006,2023-07-09 21:00:55.400,101006.43450100109,101.00643450100108,-1.3262960527540717,3.6439684665782766,,431695.07599413715,431.69507599413714,7791.615112443909,345.7156255482109,-0.04434113033448423,-2.5405596270054547,3.8422513171099126e-07,0.06397445627593007,0.006523579028101347,0.006397445627593007,0.006391157534400427,0.0002835770239027334,0.9503283967160411,0.9388035559359666,-0.0,0.0,0.006391157534400427,-0.011241263756171738,30.414392677106253,0.0006348249496077187,169.68454417418835,12.794891255186014,0.12794891255186014,11.686780441130214,0.12795526080135622,37.098113649138845,0.9646262298770757,0.0021433505277284855,2.040066607905015e-05,37.10025699966658,0.9646466305431544,925.9671956714667,7799.281079318305
58.300000000000004,2023-07-09 21:00:58.300,100003.40108973795,100.00340108973795,-1.3957158874400497,3.8346978953701014,,454290.4842727192,454.2904842727192,7791.411624672197,346.0435112776364,-0.044384287070605356,-2.5430323258427547,4.649187417271605e-07,0.077373735169114,0.007889925221060608,0.0077373735169114005,0.007729753590677024,0.00034330506494595987,0.9506226935148068,0.9389034630810174,-0.0,0.0,0.007729753590677024,-0.011375925368843465,30.412920608387193,0.0007611636868241476,170.42124301927024,15.4747470338228,0.154747470338228,14.140567132567332,0.15475508197509624,40.79662968618263,1.0773089006652963,0.0029052039937151426,2.7628170124536773e-05,40.79953489017634,1.0773365288354197,948.2859478827583,7799.092332879153
61.1,2023-07-09 21:01:01.100,99034.04774023658,99.03404774023657,-1.462740050841854,4.01884527138591,,476106.12735865527,476.10612735865527,7791.1749450513225,346.36377529082756,-0.04442665859542852,-2.545460035386656,5.600724080068176e-07,0.0928530323289891,0.00946837424900339,0.00928530323289891,0.00927614140849851,0.0004123793113412054,0.9509072382723422,0.9389904570206005,-0.0,0.0,0.00927614140849851,-0.011504401940400588,30.411187444614594,0.0009080536585388473,170.9260542118297,18.57060646579782,0.1857060646579782,17.033769902323073,0.18571514519456359,44.68901686269887,1.1967184745875235,0.0038889744526967797,3.7025814491383564e-05,44.69290583715157,1.196755500402013,970.61372243424,7798.87010336941
64.0,2023-07-09 21:01:04.000,98029.12405207304,98.02912405207303,-1.5321555827204594,4.209562878311538,,498700.1351197885,498.7001351197885,7790.880015374835,346.69924652784096,-0.0444713126470931,-2.548018524085196,6.738537763339991e-07,0.11197097419184157,0.011417861776635403,0.011197097419184157,0.011186027007240276,0.000497785503999152,0.9512023592716388,0.9390687878278325,-0.0,0.0,0.011186027007240276,-0.011635785939807075,30.409005890754983,0.0010910205794789362,171.2388233297514,22.394194838368314,0.22394194838368314,20.49293480871052,0.22395285858947794,49.070934413669335,1.3323630564054152,0.005246232257657841,5.010936477731579e-05,49.07618064592699,1.3324131657701912,993.2864860683865,7798.59037143957
66.9,2023-07-09 21:01:06.900,97023.2221849808,97.0232221849808,-1.6015682350461655,4.4002725737305335,,521293.2056174729,521.2932056174728,7790.524711780957,347.0385035002605,-0.04451679940890671,-2.5506247235608326,8.118059326989169e-07,0.13475477378310122,0.013741162760280139,0.013475477378310122,0.013462127100413127,0.000599687006421119,0.9514979051491453,0.9391328044068464,-0.0,0.0,0.013462127100413127,-0.011765413735877805,30.40635550389073,0.0013114624269655905,171.34053993821172,26.95095475662024,0.26950954756620243,24.686302505593336,0.26952266219047205,53.8277002572663,1.4812348661142876,0.007054222029195352,6.773044978798109e-05,53.8347544792955,1.481302596564074,1016.6612038569696,7798.250509427192
69.8,2023-07-09 21:01:09.800,96016.33123301328,96.01633123301328,-1.6709774218715903,4.5909727477656785,,543885.1481321468,543.8851481321468,7790.097555928116,347.3814939747596,-0.04456317892506944,-2.5532820740928157,9.759997965375078e-07,0.1618273163125539,0.016501793814661877,0.01618273163125539,0.016166665833652703,0.0007209153017103501,0.951793879598747,0.9391797410597175,-0.0,0.0,0.016166665833652703,-0.011893223237319117,30.40314691661667,0.0015769266452407464,171.23248054018416,32.36546326251078,0.3236546326251078,29.676420732900638,0.3236704018915602,58.981230792995035,1.644452923751138,0.009452353383279764,9.138357540299802e-05,58.990683146378316,1.6445443073265396,1040.3145665484537,7797.839048943838
72.7,2023-07-09 21:01:12.700,95008.44044121014,95.00844044121014,-1.740382447056206,4.781661487786576,,566475.7360775679,566.475736077568,7789.585204903637,347.7281672544142,-0.044610522431937145,-2.555994657223684,1.1706989653248456e-06,0.19385563112270687,0.019767773003289288,0.019385563112270687,0.01936627671898734,0.000864513287022785,0.9520902862768627,0.9392063826483625,-0.0,0.0,0.01936627671898734,-0.012019390341477365,30.39927627137787,0.0018960516573861242,170.91497097328735,38.771126224541376,0.38771126224541375,35.59232662538146,0.3877302227619876,64.54637125195065,1.823189336152048,0.01261467201645082,0.00012301440271870307,64.5589859239671,1.823312350554765,1064.2053112922406,7797.342659057363
75.5,2023-07-09 21:01:15.500,94034.34582550201,94.03434582550202,-1.8073894753714448,4.965761785538575,,588285.8018774113,588.2858018774114,7788.9953097129155,348.06634118417713,-0.04465722694725274,-2.5586706288354715,1.3960810747448704e-06,0.2301491545788053,0.023468682432717117,0.023014915457880532,0.022991970317716853,0.0010274407246238116,0.9523768855623937,0.9392093850581678,-0.0,0.0,0.022991970317716853,-0.012140059779602197,30.39479905629757,0.002264418379054405,170.40892399083623,46.02983091576106,0.4602983091576106,42.43869676460255,0.46032095334140116,70.3191067491795,2.0116201819434574,0.016594187370413706,0.0001634696851298391,70.33570093654991,2.0117836516285865,1087.856334067175,7796.7684403600915
78.4,2023-07-09 21:01:18.400,93024.45898187603,93.02445898187602,-1.8767837841123212,5.156421082372034,,610872.9017358362,610.8729017358362,7788.26875990266,348.4201441673698,-0.04470672441749582,-2.5615066249769742,1.6603073618171038e-06,0.27408695815610484,0.027949091499758313,0.027408695815610486,0.027381309617769117,0.0012249448675463713,0.952674152330226,0.9391848728322194,-0.0,0.0,0.027381309617769117,-0.012264334630460283,30.389263436668664,0.0027196832742192784,169.68794810927562,54.817391631220964,0.5481739163122097,50.46245572851684,0.5482011131449519,76.72444159515011,2.224405507100458,0.02193576309163602,0.00021873426258311817,76.74637735824174,2.2246242413630406,1111.6222243575533,7796.058419056218
81.30000000000001,2023-07-09 21:01:21.300,92013.54107030472,92.01354107030473,-1.9461710443341294,5.347061013558354,,633457.7073772334,633.4577073772334,7787.404772427269,348.77754435880956,-0.04475748074147596,-2.564414748124635,1.974581664399011e-06,0.3254652705770003,0.03318822131686155,0.03254652705770003,0.032513933375719076,0.0014562142551496802,0.9529718620140853,0.9391274788646339,-0.0,0.0,0.032513933375719076,-0.012388168894301832,30.382659432535984,0.0032630978078232145,168.8119780109361,65.09305411540007,0.6509305411540006,60.00233217397678,0.6509631721320788,83.58868420382724,2.4564019595773314,0.02885949113064344,0.0002916109817223161,83.61754369495789,2.4566935705590542,1135.9085579727664,7795.211277769959
84.2,2023-07-09 21:01:24.200,91001.58167317137,91.00158167317137,-2.0155499345244006,5.537677948271836,,656039.7886635301,656.0397886635301,7786.380230517886,349.13853319275313,-0.04480963076635886,-2.5674027244519273,2.34186404668435e-06,0.3854339275680407,0.039303322497289156,0.038543392756804074,0.03850470353398319,0.0017265372759715022,0.9532700181981838,0.9390316357149748,-0.0,0.0,0.03850470353398319,-0.01251184520723747,30.374807404779872,0.003909459851100109,167.83501408745587,77.08678551360813,0.7708678551360814,71.146140912021,0.7709069497345924,90.94061355999507,2.7089792359697316,0.037801032245323885,0.00038727236850132475,90.9784145922404,2.7093665083382334,1160.3106008152677,7794.203924042516
87.0,2023-07-09 21:01:27.000,90023.51943700318,90.02351943700319,-2.0825270621138077,5.721696094454098,,677840.1220992154,677.8401220992154,7785.213557860338,349.4904743560404,-0.04486145237035567,-2.570371883648543,2.76254672826326e-06,0.45283215100862456,0.0461760286141164,0.04528321510086246,0.04523765537735599,0.002030789459927472,0.9535583201690332,0.9388965675833192,-0.0,0.0,0.04523765537735599,-0.012630963125786487,30.36584686657902,0.004647531384369358,166.84893514917263,90.56643020172491,0.9056643020172491,83.90328745676233,0.9057107773310927,98.54246038877461,2.973753975989804,0.04888141875431275,0.0005074406382826926,98.59134180752893,2.9742614166280887,1184.4342396890647,7793.054198012358
89.9,2023-07-09 21:01:29.900,89009.48269893894,89.00948269893894,-2.1518847627924504,5.912254811462366,,700415.3064277372,700.4153064277373,7783.790877167733,349.85848728275465,-0.04491682508509112,-2.573544506503066,3.253486056564725e-06,0.5342653111022483,0.054479899976265934,0.05342653111022483,0.053372645591806475,0.0023989433097183163,0.953857364406114,0.9387052758549226,-0.0,0.0,0.053372645591806475,-0.012753145241473085,30.354900690301697,0.005550151683972217,165.84105053745074,106.85306222044966,1.0685306222044966,98.7815546560717,1.0685861237213363,106.99825174278158,3.271213809687157,0.06362684944421847,0.0006689314999499598,107.0618785922258,3.2718827411871083,1208.772060447931,7791.649464689964
92.7,2023-07-09 21:01:32.700,88029.39550781611,88.0293955078161,-2.2188378044482127,6.096206782085265,,722207.8001514828,722.2078001514828,7782.175664317801,350.2171377124087,-0.044972128251064364,-2.576713144507045,3.827097771136323e-06,0.6263199465252175,0.06386686039832333,0.06263199465252176,0.06256866896251029,0.002815744735112771,0.9541465304696228,0.9384626200592179,-0.0,0.0,0.06256866896251029,-0.012868165675292143,30.342455056923843,0.006577900572097861,164.93789475735696,125.26398930504351,1.252639893050435,116.15257052781261,1.252705672056156,115.80257476758372,3.582537881003211,0.08196553579223563,0.0008707731620861772,115.88454030337596,3.5834086541653,1233.4234264465315,7790.051996864186
95.60000000000001,2023-07-09 21:01:35.600,87013.24191317364,87.01324191317364,-2.288166163536485,6.2866848837358695,,744773.4341084163,744.7734341084163,7780.208727292246,350.59191308646047,-0.04503155529301563,-2.5801180631997984,4.501877356233308e-06,0.7386045734182696,0.07531670584942561,0.07386045734182696,0.07378558136534953,0.003324927265553924,0.9544464764690392,0.9381407318783483,-0.0,0.0,0.07378558136534953,-0.012980817325137006,30.32728126487803,0.007832950046984479,164.13805982576795,147.72091468365392,1.4772091468365391,136.56988692527528,1.477287476337009,125.69235175152836,3.932006468198626,0.10657143161978526,0.0011413406966405341,125.79892318314815,3.9331478088952685,1258.529561274249,7788.10391107849
98.4,2023-07-09 21:01:38.400,86031.09270090431,86.03109270090431,-2.355085895127891,6.4705453357083496,,766555.0857650408,766.5550857650409,7777.974435137034,350.9567223122813,-0.04509128117545269,-2.583540104191137,5.2995310397818685e-06,0.8672037480039677,0.08843017217948716,0.08672037480039678,0.08663222877899099,0.003909007841621518,0.9547365195657393,0.9377494878546577,-0.0,0.0,0.08663222877899099,-0.01307802386946011,30.310028467290717,0.009262128818547353,163.55775563543853,173.44074960079354,1.7344074960079354,160.681578462076,1.7345001172961207,136.11823032132412,4.297802189233751,0.1375689867709561,0.001479671762613488,136.25579930809508,4.2992818609963654,1284.2539331875746,7785.888320197088
101.30000000000001,2023-07-09 21:01:41.300,85012.78612864051,85.01278612864051,-2.4243736505912192,6.6609118798153455,,789107.5036794498,789.1075036794498,7775.246848713017,351.337193312567,-0.0451559119464455,-2.5872431745957014,6.250892965908861e-06,1.026051595812928,0.10462814476023188,0.10260515958129279,0.1025005685025406,0.004631655142445539,0.955037380085102,0.9372450105807316,-0.0,0.0,0.1025005685025406,-0.013160714361924786,30.28895069091323,0.011010174663038925,163.17494448642313,205.2103191625856,2.052103191625856,189.40671960828428,2.0522132933724864,147.9579158286209,4.708851274101144,0.1797201686265244,0.0019348048199211855,148.13763599724743,4.710786078921064,1310.7677929628312,7783.180672567383
104.10000000000001,2023-07-09 21:01:44.100,84028.5437652705,84.0285437652705,-2.491247176511798,6.8446453827495235,,810874.1158879626,810.8741158879626,7772.137281070809,351.7065276735375,-0.04522137718705637,-2.5909940565875127,7.386824108834844e-06,1.2092032255101826,0.12330441338379391,0.12092032255101826,0.12079670422487206,0.0054663199916463266,0.9553283114489372,0.9366436686260363,-0.0,0.0,0.12079670422487206,-0.013218322831254459,30.26490769870946,0.01300797826005146,162.97114810801,241.8406451020365,2.418406451020365,223.65918288042212,2.4185365308029656,160.49384402360923,5.13979318453563,0.2332443084301274,0.002506916068640243,160.72708833203936,5.142300100604269,1338.120776072588,7780.090963312635
107.0,2023-07-09 21:01:47.000,83008.0576700806,83.0080576700806,-2.5604784137807064,7.034856644392276,,833408.1377389207,833.4081377389208,7768.327225442856,352.0903792954178,-0.04529283743112415,-2.5950884269755714,8.747000720177311e-06,1.4357013102856948,0.14640079030919784,0.1435701310285695,0.1434228933665526,0.006500475515460407,0.9556300964611062,0.9358794133191447,-0.0,0.0,0.1434228933665526,-0.013250207626501087,30.235437758374548,0.01546238653594628,162.87700066283517,287.14026205713895,2.8714026205713896,264.6080739068547,2.871557244436749,174.70996875112036,5.624815310441409,0.30619178771473715,0.0032805501465372204,175.0161605388351,5.628095860587942,1366.3141596129517,7776.302174989672
109.80000000000001,2023-07-09 21:01:49.800,82021.70365440441,82.0217036544044,-2.6272873951318094,7.218412812577802,,855153.7413853647,855.1537413853647,7763.970286453571,352.46145906296306,-0.045365916731199836,-2.5992755624396784,1.0371027201472316e-05,1.6963196703122712,0.1729764670210797,0.16963196703122713,0.16945744004072255,0.007692870317914351,0.9559219236306262,0.9349788397304096,-0.0,0.0,0.16945744004072255,-0.013250213582302273,30.201731844529373,0.018276531458366663,162.84444101722394,339.2639340624542,3.3926393406245423,313.4083621150301,3.3928221059391257,189.694645877986,6.133938376927244,0.39867555233777874,0.00425700822793208,190.09332143032378,6.138195385155174,1395.2880069255007,7771.966526501433
112.60000000000001,2023-07-09 21:01:52.600,81034.31099612422,81.03431099612422,-2.6940557065032724,7.401857240911691,,876886.107391546,876.886107391546,7758.821134661012,352.8320972505376,-0.04544365397914127,-2.603729578657684,1.2271964806132019e-05,2.005068937742968,0.20446013039549366,0.20050689377429678,0.20029989343307772,0.009108630067954223,0.9562141920051751,0.9338884033920662,-0.0,0.0,0.20029989343307772,-0.013217158545154595,30.161897944256307,0.021611460014712064,162.81281247197063,401.0137875485936,4.010137875485936,370.4013025569902,4.010353990086083,205.96465439522441,6.686745247985112,0.5191528614497879,0.0055285953405286746,206.4838072566742,6.69227384332564,1424.4367704169056,7766.8395044903955
115.5,2023-07-09 21:01:55.500,80010.5620643526,80.01056206435261,-2.7631578200308944,7.591713737988011,,899378.1008556796,899.3781008556796,7752.498498821659,353.2144954004609,-0.04552988871179819,-2.608670464886365,1.4570539860869758e-05,2.3836829124537706,0.24306801124275576,0.23836829124537706,0.23812126867268854,0.010849132543672885,0.9565173633981763,0.9325220931354621,-0.0,0.0,0.23812126867268854,-0.013146137719041273,30.11299672699654,0.025717778785619885,162.73219830899114,476.73658249075413,4.767365824907541,439.1301286806671,4.767623002695398,224.20618831207773,7.309232841838862,0.6817395733301114,0.007251285979994184,224.88792788540783,7.316484127818858,1454.6902134856336,7760.540796490479
118.30000000000001,2023-07-09 21:01:58.300,79021.06569148212,79.02106569148212,-2.829819047542378,7.774863955832192,,921075.6122189816,921.0756122189816,7745.265276925024,353.5812280748712,-0.04561960067887637,-2.613810581971761,1.7294183635385707e-05,2.8152937444873674,0.28708006755491094,0.28152937444873677,0.28123647310909294,0.012838803318669236,0.9568105283403061,0.9309330303105118,-0.0,0.0,0.28123647310909294,-0.013038694711125065,30.057076947393707,0.030429918862413616,162.58386304193962,563.0587488974735,5.630587488974735,520.3067408713588,5.630891788163359,243.2080679077919,7.9623412645779394,0.8853596112887074,0.0094230396571635,244.09342751908062,7.971764304235102,1485.4382118830638,7753.331793157534
121.10000000000001,2023-07-09 21:02:01.100,78030.54700101355,78.03054700101355,-2.896412784899533,7.957828745999791,,942751.156264076,942.751156264076,7736.726091532779,353.9444056039485,-0.04571672611109183,-2.6193754593210907,2.045762630586978e-05,3.3219227113453274,0.3387418447018429,0.33219227113453276,0.331845187504945,0.015181453531425046,0.9571041311802884,0.929032199833512,-0.0,0.0,0.331845187504945,-0.012890477815351242,29.991103628831198,0.03601157058682293,162.3452956185888,664.3845422690655,6.643845422690655,614.2303994140324,6.644205538396523,263.60678608331636,8.670536244028305,1.1470335377956236,0.0122402133766284,264.753819621112,8.682776457404925,1516.054320594117,7744.81809067601
124.0,2023-07-09 21:02:04.000,77003.58721218012,77.00358721218012,-2.9653007488653405,8.147096871985788,,965173.4463527313,965.1734463527313,7726.265718868111,354.3155758596088,-0.04582647366135507,-2.6256635307630742,2.42544811044354e-05,3.9372622209168453,0.4014890121414393,0.39372622209168456,0.3933128689735529,0.018036769732503437,0.9574086783565131,0.9266784311637312,-0.0,0.0,0.3933128689735529,-0.01269347746027849,29.910360742926652,0.04287454238720238,161.9807475048081,787.452444183369,7.874524441833691,726.4445017167535,7.874953187257562,286.21223673231293,9.466282903344178,1.494724699514875,0.016032452596890723,287.7069614318278,9.48231535594106,1547.5353338171249,7734.3856566538825
126.80000000000001,2023-07-09 21:02:06.800,76011.02636587342,76.01102636587342,-3.031717378935267,8.329575063876913,,986791.3438836946,986.7913438836946,7714.341915629491,354.6679736993015,-0.04594279138158258,-2.632328045214694,2.8716442102449946e-05,4.630735622305153,0.47220361920790005,0.4630735622305153,0.462584934222935,0.02126740855915062,0.9577031626088609,0.9239723221200409,-0.0,0.0,0.462584934222935,-0.012463431929669366,29.818430281403035,0.050730575332418086,161.49388320204622,926.1471244610306,9.261471244610306,857.5977631646309,9.26197855036363,309.4419204098255,10.298721176610378,1.92197410270827,0.020771295027348365,311.36389451253376,10.319492471637712,1579.2191494042702,7722.490567349763
129.6,2023-07-09 21:02:09.600,75017.48790590135,75.01748790590135,-3.098023008442269,8.51174828422536,,1008373.1119271637,1008.3731119271637,7700.33357107566,355.01347043930684,-0.04607102470722096,-2.6396752735667,3.3847656595753506e-05,5.4337862938613855,0.5540919981707704,0.5433786293861386,0.5428020601269388,0.02502515525445624,0.9579980730007892,0.920772323719427,-0.0,0.0,0.5428020601269388,-0.012200594026905986,29.71058583501409,0.06000199673790485,160.85494010938518,1086.757258772277,10.867572587722771,1007.4473280461609,10.868172607690148,333.98877366153977,11.197997578112952,2.458678250234349,0.026849418470324758,336.4474519117741,11.224846996583267,1610.4141295032507,7708.512935062649
132.4,2023-07-09 21:02:12.400,74022.99230840006,74.02299230840006,-3.164198389516104,8.69356364994185,,1029912.4855087212,1029.9124855087211,7683.917482180949,355.3512549429168,-0.046213178391806234,-2.6478200797356704,3.981876216130331e-05,6.35884671738289,0.6484219093556811,0.635884671738289,0.6352057765274879,0.02937579305861646,0.9582934039361004,0.9170039301260847,-0.0,0.0,0.6352057765274879,-0.011913680751399203,29.584431193677762,0.07092405104078353,160.05099895137687,1271.769343476578,12.71769343476578,1180.5001312898783,12.718402675276186,359.76737604281936,12.167693995105829,3.126409093747871,0.0346020073423323,362.89378513656726,12.202296002448152,1641.53574421852,7692.129899277282
135.20000000000002,2023-07-09 21:02:15.200,73027.56191479793,73.02756191479793,-3.2302213511921156,8.874960246801134,,1051402.248218206,1051.402248218206,7664.736214381496,355.68084692961435,-0.046371572036931936,-2.656895367103066,4.673701914725825e-05,7.4178246114057345,0.7564076021277129,0.7417824611405734,0.7409850682138176,0.03438529249447316,0.9585891492539773,0.9125856106446442,-0.0,0.0,0.7409850682138176,-0.011618246114859954,29.43734505046188,0.08376000465266406,159.06913217026067,1483.564922281147,14.835649222811469,1379.2012958972534,14.836486822857996,386.6395668442855,13.211084651972357,3.9477239942104116,0.04442628344581219,390.58729083849596,13.255510935418162,1672.4336276851034,7672.984432469791
138.0,2023-07-09 21:02:18.000,72031.21974649084,72.03121974649083,-3.2960665120852104,9.055868340020263,,1072834.1386881901,1072.8341386881903,7642.400152019041,356.0022968650289,-0.0465488752627739,-2.6670540936378657,5.471289478009567e-05,8.621624826220206,0.8791610617509757,0.8621624826220207,0.8612285853906098,0.040118202191215604,0.9588853025800663,0.9074296681333257,-0.0,0.0,0.8612285853906098,-0.01133743225552497,29.26650885947692,0.09880663575790823,157.89467433909635,1724.3249652440413,17.24324965244041,1605.8462223414797,17.244237718797994,414.414417831932,14.330988916721939,4.944796481990959,0.0567825974899611,419.35921431392296,14.387771514211892,1702.9342562281715,7650.687401727628
140.8,2023-07-09 21:02:20.800,71033.98768062494,71.03398768062493,-3.3617050201282956,9.236208659195768,,1094198.7658816432,1094.198765881643,7616.49205968679,356.3164521940436,-0.046748141829037984,-2.6784712268828614,6.385562301147729e-05,9.97887510424318,1.0175620731078585,0.997887510424318,0.9967973229095677,0.046632397548939795,0.959181857868569,0.9014437700064953,-0.0,0.0,0.9967973229095677,-0.011105690313133909,29.068956354688034,0.11639104806259275,156.5117624195632,1995.775020848636,19.95775020848636,1862.395423664306,19.958914118966984,442.8326258371821,15.529599521539938,6.136792616466501,0.07218995090412822,448.9694184536486,15.601789472444057,1732.8375676244868,7624.822142802812
143.70000000000002,2023-07-09 21:02:23.700,70000.22124846946,70.00022124846946,-3.4294351665181075,9.422295707510205,,1116244.1988217682,1116.2441988217681,7585.426204463292,356.63625112710696,-0.0469813834757656,-2.6918349888470354,7.447087409673259e-05,11.552688044543396,1.178046330249718,1.1552688044543398,1.1539940551929555,0.054256162089458104,0.9594894229388511,0.8942681200390213,-0.0,0.0,1.1539940551929555,-0.010965140810371699,28.832940059488188,0.1376596260406077,154.8475036234207,2310.5376089086794,23.105376089086793,2155.8083302213813,23.1067526853472,472.6066509247074,16.855453948982863,7.591392189242428,0.09196760864846515,480.19804311394984,16.947421557631326,1762.4256786953044,7593.805378002282
146.5,2023-07-09 21:02:26.500,69001.22571569264,69.00122571569264,-3.49454838335995,9.601192800960225,,1137437.849387875,1137.437849387875,7550.877258522406,356.9429233094993,-0.04723655150599328,-2.7064550400457477,8.650923700770363e-05,13.240923351821703,1.3501984216650644,1.3240923351821703,1.3226153916533818,0.06252229882005511,0.9597867835831174,0.8862991456426054,-0.0,0.0,1.3226153916533818,-0.01096533912045694,28.571577811885785,0.16154529692977668,153.03048481678056,2648.1846703643405,26.481846703643406,2482.7307732737413,26.483462156612703,501.37507129584964,18.21762097980314,9.217599214692408,0.11536752003313888,510.59267051054206,18.332988499836272,1790.9558823308926,7559.309202815531
149.3,2023-07-09 21:02:29.300,68001.36964971917,68.00136964971917,-3.559344200040413,9.77921784462709,,1158528.189620629,1158.528189620629,7511.376264606705,357.2517693083918,-0.04752561225693486,-2.723017001097582,9.986761870095506e-05,15.101219943116407,1.5398958811741428,1.5101219943116408,1.5084168712346935,0.07174245798901391,0.96008453880853,0.8772104657749469,-0.0,0.0,1.5084168712346935,-0.011131615044569165,28.274201107585483,0.1891570928953588,151.0291154684233,3020.2439886232814,30.202439886232813,2838.132302902436,30.20433145716177,529.8656132829525,19.66003632879368,11.064366505334593,0.14361902515329678,540.9299797882871,19.803655353946972,1817.7907416208348,7519.8671673887275
152.1,2023-07-09 21:02:32.100,67000.64032523298,67.00064032523298,-3.623778003076874,9.95624826397383,,1179500.6983120418,1179.5006983120418,7466.435068708994,357.56783889141775,-0.04785347436076225,-2.7418021159091723,0.0001148880910477601,17.138962624040474,1.7476878061356809,1.7138962624040475,1.7119342641892417,0.08198459231711488,0.9603826928509541,0.8669067221963126,-0.0,0.0,1.7119342641892417,-0.01149137833752667,27.93775369732848,0.22096368320286275,148.86677958436167,3427.7925248080946,34.27792524808095,3228.4988996108323,34.280134884912975,557.7673994558589,21.181499990246486,13.125189316442672,0.17733286400197693,570.8925887723016,21.358832854248455,1843.304076917724,7474.992133417731
154.8,2023-07-09 21:02:34.800,66034.79845650303,66.03479845650304,-3.6855220467448295,10.125888630167427,,1199597.7193074287,1199.5977193074286,7417.475692377178,357.88475063656233,-0.048211472449572725,-2.762313895471762,0.00013141875388100743,19.277192570444004,1.9657265804779416,1.9277192570444006,1.9254793476100842,0.09290218461834157,0.9606705843667598,0.855732605796018,-0.0,0.0,1.9254793476100842,-0.012035793952400287,27.573513570872244,0.25609256933629515,146.6524700135497,3855.4385140888007,38.55438514088801,3646.8843856806266,38.556946066581375,583.8259296990523,22.72156377553853,15.30019763849105,0.21555904625536468,599.1261273375433,22.937122821793892,1866.9568406668056,7426.104439189129
157.60000000000002,2023-07-09 21:02:37.600,65032.25783034182,65.03225783034182,-3.74909834142342,10.30056306464602,,1220291.1182658684,1220.2911182658684,7360.366958471665,358.2316424666057,-0.04863197524817198,-2.7864069311049384,0.00014992730575613678,21.680501583336962,2.2107958970022348,2.1680501583336964,2.1654868694618123,0.10539500576045355,0.9609695517401579,0.8427718432153148,-0.0,0.0,2.1654868694618123,-0.01280270276438944,27.151665836512883,0.2977074701562524,144.246662825847,4336.100316667393,43.361003166673925,4101.424274735451,43.363980241375494,609.6779938672129,24.391489091996533,17.72533636112696,0.26163703983502207,627.4033302283399,24.653126131831556,1889.095639926069,7369.0794318575345
160.4,2023-07-09 21:02:40.400,64028.714631577284,64.02871463157729,-3.8121547944929493,10.473809246031406,,1240815.3143805773,1240.8153143805773,7296.276700802556,358.60262940999866,-0.0491091984980303,-2.8137498092073376,0.00017102688434533775,24.278507232338992,2.475718745171796,2.4278507232338993,2.424923671538884,0.11918188418440077,0.9612689578827558,0.8283265722208992,-0.0,0.0,2.424923671538884,-0.013760501477455778,26.682124770247,0.3452468931227922,141.74641333491002,4855.701446467799,48.557014464677984,4602.224743534656,48.56046693360921,634.0168174185599,26.13183766859534,20.284399230648408,0.31469719680350133,654.3012166492083,26.44653486539883,1909.9826541121397,7305.083814748055
163.20000000000002,2023-07-09 21:02:43.200,63024.09448521929,63.024094485219294,-3.8746290751192665,10.645455921763151,,1261150.0196365207,1261.1500196365207,7224.654545142697,359.0026649910645,-0.04965048685564114,-2.8447633475980068,0.00019469053950160742,27.076270225577147,2.7610111735992566,2.707627022557715,2.704290326505123,0.13437977249412128,0.9615688255063086,0.8123143721066859,-0.0,0.0,2.704290326505123,-0.01487468090550148,26.162258105060864,0.39944546461105346,139.16552121160487,5415.254045115429,54.152540451154294,5142.465963991069,54.1565349058004,656.5064883045511,27.937914611294612,22.924738197413184,0.3750459622822616,679.4312265019643,28.312960573576863,1929.0647520083191,7233.568705011498
166.0,2023-07-09 21:02:46.000,62018.31076779366,62.01831076779366,-3.936454057830641,10.815318666122312,,1281273.385415788,1281.273385415788,7144.935286088421,359.43536134331646,-0.05026394163427145,-2.8799117173356557,0.00022126364638097584,30.07936959632549,3.0672420853528464,3.007936959632549,3.004138037589892,0.15112711281916594,0.9618691810237971,0.794659398053942,-0.0,0.0,3.004138037589892,-0.016082670150689204,25.58964701068772,0.46113348370045426,136.51708731577747,6015.873919265097,60.15873919265098,5723.2239187988935,60.163350527487985,676.8119794478578,29.804088501853194,25.58133722011688,0.44282575917686406,702.3933166679747,30.24691426103004,1946.2089240552614,7153.970507443782
168.8,2023-07-09 21:02:48.800,61011.26959227607,61.011269592276065,-3.9975576818153233,10.983199493654675,,1301161.9567004682,1301.1619567004682,7056.535242509994,359.9020336019064,-0.05095850014912932,-2.9197069888618863,0.00025117461336776614,33.295497672931745,3.395195879625738,3.329549767293175,3.3252276673330523,0.16959544004726113,0.9621700530685046,0.7752931137276322,-0.0,0.0,3.3252276673330523,-0.017281499293611224,24.96210955128818,0.5312757611423731,133.81313085866847,6659.099534586349,66.59099534586349,6345.8492752305165,66.59630810347493,694.6138156540148,31.723814540345682,28.179618835979056,0.517984124516704,722.7934344899938,32.241798664862365,1961.2839686560599,7065.707261313361
171.60000000000002,2023-07-09 21:02:51.600,60002.87774653807,60.00287774653807,-4.057862772565721,11.148886369142163,,1320790.61401975,1320.79061401975,6958.847886679458,360.4005739570831,-0.05174403456923342,-2.9647147957961075,0.00028495583683252335,36.73312954981657,3.7457367755366584,3.673312954981657,3.6683965051780607,0.18998722597444093,0.9624714701259114,0.7541550894568605,-0.0,0.0,3.6683965051780607,-0.01832915469460994,24.277726241825874,0.6109913485646248,131.06218760842438,7346.6259099633135,73.46625909963313,7011.999074180514,73.47236901311878,709.5881463798198,33.68965237327848,30.634924022245652,0.6002464670416828,740.2230704020654,34.28989884032014,1974.1542364832196,6968.17425755497
174.3,2023-07-09 21:02:54.300,59029.143824918916,59.02914382491892,-4.115180727134291,11.306366155392714,,1339446.990693959,1339.446990693959,6855.27678157105,360.90595907603466,-0.05259788760898177,-3.013636971298104,0.0003224728279747069,40.25360494987579,4.104725359819693,4.02536049498758,4.01979362263307,0.21162784799064494,0.9627626620678407,0.7320493889144404,-0.0,0.0,4.01979362263307,-0.019085425162755354,23.56253643162187,0.6981280901879072,128.3514595041514,8050.720989975159,80.50720989975159,7709.112368264968,80.51419118065347,720.9311748804292,35.621021881243465,32.7641529040055,0.68579420692961,753.6953277844348,36.30681608817304,1984.471321882204,6864.770415916598
177.10000000000002,2023-07-09 21:02:57.100,58017.879538158675,58.017879538158674,-4.1736723448695905,11.46707055468782,,1358485.3820829685,1358.4853820829685,6737.582819521607,361.447003103909,-0.05359501618395405,-3.07076823027591,0.00036491965875029564,44.10069487160118,4.49701935641643,4.410069487160118,4.403737204530194,0.23624460844069337,0.9630652172515264,0.7073150301272206,-0.0,0.0,4.403737204530194,-0.019505578683612357,22.762833092982767,0.8005768005847931,125.45477436004012,8820.138974320236,88.20138974320236,8446.79635706843,88.2093955112082,728.9846893018422,37.65144124533973,34.6007343675079,0.7801165686824486,763.5854236693501,38.43155781402214,1992.183453154232,6747.27101767563
179.9,2023-07-09 21:02:59.900,57005.08962318904,57.005089623189036,-4.231106278256771,11.624868990101454,,1377179.508610949,1377.179508610949,6608.901448976576,361.9937121824203,-0.05471898060216431,-3.135166647762235,0.0004138057993259281,48.118140608975175,4.906684811732363,4.811814060897518,4.804612171091989,0.263166187124754,0.9633683718460775,0.6807450174346602,-0.0,0.0,4.804612171091989,-0.019457167286663246,21.904308904972144,0.9169583557099104,122.4462784775766,9623.628121795035,96.23628121795035,9234.566868107922,96.24545080150745,732.7458218196947,39.69873499643641,35.92695031861818,0.8789231955215755,768.6727721383129,40.57765819195792,1997.0591565666493,6618.807884350798
182.60000000000002,2023-07-09 21:03:02.600,56027.02842629032,56.02702842629032,-4.28539716743906,11.774031982504315,,1394850.608112083,1394.8506081120831,6474.01461773541,362.5127041651721,-0.055936626227600685,-3.2049326030423066,0.0004680700949393213,52.11511486906661,5.314262757319432,5.211511486906661,5.203360447378212,0.29136237372058815,0.9636612671071347,0.653428175608622,-0.0,0.0,5.203360447378212,-0.018870717777924595,21.022140365666452,1.0441357810795306,119.41787482506932,10423.022973813322,104.23022973813322,10037.504687316388,104.24067109594402,731.8602472715309,41.6770411543403,36.60653984062995,0.9769536062247947,768.4667871121608,42.653994760565034,1998.5948286095913,6484.156131011414
185.4,2023-07-09 21:03:05.400,55011.292104197724,55.01129210419772,-4.34047009503697,11.925343607786646,,1412776.2526906547,1412.7762526906547,6322.650096614278,363.02578698652104,-0.057353742842236356,-3.2861274041387976,0.0005293319700285792,56.33430869733128,5.744500792557222,5.633430869733129,5.624167959600805,0.322921238480646,0.9639655861700842,0.6234292346109849,-0.0,0.0,5.624167959600805,-0.017615113078453315,20.053845983116858,1.1935468739271164,116.12687056296222,11266.861739466256,112.66861739466256,10860.360011702604,112.68055286340183,725.8611235635701,43.719393731833364,36.59177547187184,1.0796112147099945,762.452899035442,44.799004946543306,1996.5468685769672,6333.063395090382
188.10000000000002,2023-07-09 21:03:08.100,54030.52324808967,54.030523248089665,-4.392297705864242,12.06773879849325,,1429645.5816241682,1429.6455816241682,6165.495655586243,363.4775852786828,-0.058885350146099594,-3.3738820385215726,0.0005983446026220918,60.424161518354595,6.161549715586322,6.04241615183546,6.031943186538045,0.35560419898999684,0.964259565642297,0.593018823265111,-0.0,0.0,6.031943186538045,-0.015636543387189117,19.072726317026426,1.356669051527977,112.80655464770078,12084.832303670919,120.84832303670919,11692.308493541297,120.86188972722447,714.9694250959834,45.66619555131581,35.83882507071242,1.1775941017196148,750.8082501666959,46.84378965303541,1990.6762270635868,6176.200501445273
190.9,2023-07-09 21:03:10.900,53012.22744682552,53.01222744682552,-4.444620326110955,12.211494016391201,,1446676.030789221,1446.676030789221,5990.917243553769,363.87660117953976,-0.060663520118462634,-3.4757636731948685,0.0006763061392121017,64.63926095705231,6.591370239281744,6.463926095705232,6.45203591618665,0.39188404787205017,0.964564935908633,0.5601190149271223,-0.0,0.0,6.45203591618665,-0.012561873109460553,18.011747799997934,1.548163621544838,109.22089723059159,12927.852191410464,129.27852191410463,12523.731532145752,129.2940035503201,698.3504629049357,47.64693205307544,34.30363369505533,1.2760442725729009,732.654096599991,48.92297632564835,1980.7483591411376,6001.957647301076
193.60000000000002,2023-07-09 21:03:13.600,52029.36131221853,52.029361312218526,-4.493607133143366,12.346084162778755,,1462620.7086919323,1462.6207086919324,5811.524292605492,364.1643775851119,-0.06258063091475459,-3.5856060306813626,0.000764437485486269,68.62825257084305,6.998134181483285,6.862825257084305,6.849391079706876,0.4291996580918009,0.9648598189959892,0.5272819537568338,-0.0,0.0,6.849391079706876,-0.008378207147354377,16.953215148722855,1.7571400631070138,105.63656186543953,13725.65051416861,137.2565051416861,13344.805466846468,137.27407654231718,677.2872824472241,49.50618471513623,32.1547837249856,1.366007701125565,709.4420661722097,50.8721924162618,1966.6789932572428,5822.92283114294
196.4,2023-07-09 21:03:16.400,51009.44781054467,51.00944781054467,-4.542790481008531,12.48121430065366,,1478629.3585169,1478.6293585169,5614.3236923075965,364.3238019371486,-0.06480098526809838,-3.712822964151461,0.0008644742774777114,72.63088802380258,7.406289408085594,7.263088802380259,7.247844673967561,0.47032598620697846,0.9651659601601623,0.492322377199492,-0.0,0.0,7.247844673967561,-0.0025175967536918975,15.826681177332171,2.0024222053289416,101.80024625686693,14526.177604760518,145.26177604760517,14144.804966798645,145.28180026965848,650.4589707832297,51.367512754686686,29.342706620685565,1.4523668947074204,679.8016774039153,52.819879649394124,1948.323464582956,5626.132095379946
199.10000000000002,2023-07-09 21:03:19.100,50025.76002656073,50.02576002656073,-4.588568507721789,12.606988395530863,,1493529.612994908,1493.529612994908,5413.830788529119,364.29995415339283,-0.06718931644126015,-3.849664260453159,0.000978186260908842,76.307657141542,7.781215516159137,7.6307657141542,7.613548012360147,0.5123202590158934,0.965461365727111,0.458002228271323,-0.0,0.0,7.613548012360147,0.004861121560105319,14.721139131710991,2.270197251200676,97.99823207643955,15261.531428308399,152.615314283084,14913.049113285277,152.638016255596,620.1472953915915,53.08527693494601,26.21058051086419,1.5275953442335655,646.3578759024556,54.61287227917962,1925.6823023590027,5426.073927198374
201.9,2023-07-09 21:03:21.900,49006.01072121007,49.00601072121007,-4.634243460518787,12.732479297137223,,1508396.3180224851,1508.396318022485,5195.803657464381,364.03800880580496,-0.06994954015037244,-4.007813429497239,0.00110808783210814,79.87314879168991,8.144794480448462,7.987314879168991,7.967782126583991,0.5582534928534303,0.9657677439128705,0.42208240654802237,-0.0,0.0,7.967782126583991,0.014568155488582146,13.564449659387769,2.58470344209671,93.96389698872711,15974.629758337982,159.74629758337983,15637.883396038273,159.7721446178008,584.6176970516855,54.77462506912159,22.700214115008393,1.5962865567845317,607.3179111666939,56.37091162590618,1898.6957693406769,5208.54099712919
204.60000000000002,2023-07-09 21:03:24.600,48023.738712176484,48.02373871217648,-4.676473825381852,12.848506271151493,,1522141.8467888725,1522.1418467888725,4976.542034301564,363.49898128225084,-0.07291299725635443,-4.17760701443806,0.0012568378588184714,83.02229576364921,8.465918102884187,8.30222957636492,8.2801707585753,0.6048042224579785,0.9660630001649109,0.3874339700112811,-0.0,0.0,8.2801707585753,0.026175192304348727,12.449051064281791,2.928421987771988,90.00083061324791,16604.459152729843,166.04459152729842,16309.135137992802,166.07387574717617,547.0197345373018,56.30487856720687,19.23736265171851,1.6530736517594935,566.2570971890203,57.95795221896641,1867.4563113588727,4989.799808465625
207.4,2023-07-09 21:03:27.400,47007.09353068235,47.007093530682354,-4.718311886087905,12.963455398339633,,1535759.6847777835,1535.7596847777834,4740.7161688826,362.57540247029704,-0.07633254449473446,-4.373532639042852,0.0014282104093581438,85.93274966989716,8.762701806416786,8.593274966989716,8.568252086140237,0.6553097333670372,0.966368731089986,0.3518203999492855,-0.0,0.0,8.568252086140237,0.04076140222633673,11.302925358190706,3.3327370041012765,85.8311260643328,17186.549933979433,171.86549933979433,16915.541094705524,171.89882670983533,505.2887054736602,57.78075807288419,15.7373862521385,1.7021732051674299,521.0260917257987,59.48293127805164,1831.9883667799224,4754.5610435014305
210.10000000000002,2023-07-09 21:03:30.100,46029.744202938185,46.02974420293818,-4.756704834016475,13.068939155943138,,1548256.17567489,1548.2561756748898,4506.183652952739,361.26371615297546,-0.07999955782648364,-4.583637026370286,0.001626193756237626,88.34638838571917,9.008824459496278,8.834638838571918,8.806383381037241,0.7060135651632051,0.9666627816045527,0.31810201952056627,-0.0,0.0,8.806383381037241,0.05745280307921863,10.218101293373575,3.7754435037374496,81.76668483946493,17669.277677143833,176.69277677143833,17447.30940025896,176.73053120647572,463.1631303430215,59.09060490426957,12.59087789467251,1.7405101178701654,475.75400823769405,60.831115022139755,1792.4430304383332,4520.641833495234
212.9,2023-07-09 21:03:32.900,45020.60388123484,45.02060388123484,-4.794438618494193,13.172611876837584,,1560538.1159697408,1560.5381159697408,4256.786726306285,359.3905362322987,-0.08422791118808336,-4.825903828279904,0.0018563686171546578,90.38406639930085,9.216609790224068,9.038406639930086,9.006364820113177,0.7603862937744206,0.966966537780658,0.2841076430941018,-0.0,0.0,9.006364820113177,0.07752739908786443,9.124697395395362,4.297319801092148,77.51987768305275,18076.81327986017,180.7681327986017,17892.745616578937,180.8111059966126,418.3442323374661,60.32712707019861,9.674952515958132,1.7717358092298099,428.01918485342424,62.09886287942841,1748.8938824997258,4271.931037691354
215.70000000000002,2023-07-09 21:03:35.700,44017.497898957605,44.01749789895761,-4.830005696319266,13.270331620114463,,1572114.8165928617,1572.1148165928616,4002.5338759970887,356.9208707784553,-0.08893848182900552,-5.095799645102979,0.002129684668034315,91.85227405825248,9.366325305609202,9.185227405825248,9.148923525437889,0.8158436262007446,0.9672686195063007,0.25142713180885445,-0.0,0.0,9.148923525437889,0.10000213850329831,8.073834968250763,4.89260038459301,73.23877333130262,18370.454811650496,183.70454811650495,18244.117240321604,183.7534741203509,373.15924124631306,61.437489529727024,7.1784123752011455,1.7953532169084783,380.3376536215142,63.23284274663551,1700.588584291124,4018.416346833853
218.5,2023-07-09 21:03:38.500,43022.17561316592,43.02217561316592,-4.863371471362499,13.362003333691526,,1582975.016877097,1582.975016877097,3745.224316741758,353.80127773709887,-0.09418779704741298,-5.39656325245152,0.002448312472552061,92.60863435030049,9.44345259087461,9.26086343503005,9.219815654968512,0.8709712111626472,0.9675684971344071,0.2203858675869563,-0.0,0.0,9.219815654968512,0.12378858161519635,7.075940263421085,5.571755298376083,68.91213424205385,18521.726870060098,185.21726870060098,18466.996056087643,185.27298625358475,328.38194786676263,62.42169344380783,5.1273537144538555,1.8125792131444416,333.5093015812165,64.23427265695229,1648.3157507383178,3761.8985269199075
221.4,2023-07-09 21:03:41.400,42001.49020897148,42.00149020897148,-4.895589761836684,13.450522359315814,,1593461.723296686,1593.4617232966862,3477.8316430172486,349.8650308928452,-0.10026130097474159,-5.74454939434358,0.0028251854237169027,92.509855153147,9.433379915990374,9.250985515314701,9.204527479952311,0.9259626749308941,0.9678761611927649,0.1902955964843816,-0.0,0.0,9.204527479952311,0.1483821102225109,6.108859238506854,6.37565032196045,64.38693225326618,18501.9710306294,185.019710306294,18533.40854488461,185.0834668095136,283.35018169056286,63.31051217164701,3.4675122742036963,1.825013970711054,286.81769396476653,65.13552614235807,1591.1580885171427,3495.3853116664704
224.20000000000002,2023-07-09 21:03:44.200,41027.74329877779,41.027743298777786,-4.924441675179828,13.52979233977503,,1602852.7102298818,1602.8527102298817,3221.35808580713,345.4055718742697,-0.10681548648650441,-6.120076562313381,0.0032603167928755283,91.47271371331026,9.327620921855095,9.147271371331026,9.095137851355517,0.9752133128769027,0.968169813431355,0.16351103193517272,-0.0,0.0,9.095137851355517,0.1705545313807204,5.248226463038384,7.260970157265663,59.99491379600789,18294.54274266205,182.9454274266205,18417.274527797555,183.01803712819319,242.06261758893788,64.04755344305862,2.277312845360523,1.83302798012669,244.3399304342984,65.88058142318532,1530.353997227912,3239.8229775833074
227.10000000000002,2023-07-09 21:03:47.100,40033.25328404185,40.03325328404185,-4.952015700889226,13.60555135280832,,1611827.7585061318,1611.8277585061319,2960.3597556046625,340.1734532757632,-0.11440770507015162,-6.555078644297158,0.0037596868351101875,89.38642295947744,9.114878471188169,8.938642295947744,8.88020658289656,1.020420080156467,0.9684698591174694,0.13834317678002214,-0.0,0.0,8.88020658289656,0.19029339781901955,4.439723930458627,8.30390459394455,55.45753749497609,17877.284591895488,178.77284591895489,18103.569928041707,178.85588496489433,202.42358946331112,64.69318072251617,1.4088043852008827,1.838335758330594,203.832393848512,66.53151648084679,1466.3509148930402,2979.840240837964
230.10000000000002,2023-07-09 21:03:50.100,39021.242288281384,39.021242288281385,-4.978126676222008,13.677290667961469,,1620326.5996477297,1620.3265996477296,2698.415800147917,334.2225074888763,-0.12323118117170061,-7.060626585550461,0.004349227529019117,86.21398953449776,8.79138029138368,8.621398953449775,8.556019798519735,1.0597382327175013,0.9687753342366133,0.11520462909365381,-0.0,0.0,8.556019798519735,0.2061675275745417,3.696576257500037,9.532068323850632,50.83481831773848,17242.797906899552,172.4279790689955,17574.21714720032,172.523299752234,165.52283565212838,65.24582336706344,0.8183072619006394,1.8416385984680554,166.341142914029,67.08746196553152,1397.478544648891,2719.035217682933
233.10000000000002,2023-07-09 21:03:53.100,38027.70948745708,38.02770948745708,-5.00187044292943,13.742526130862768,,1628054.9398865588,1628.0549398865587,2447.488390650247,327.86509544331994,-0.1331670218317421,-7.629908321285314,0.005032314918935299,82.19122172513534,8.381172135758423,8.219122172513535,8.146353085728371,1.0912839636627296,0.969075372336833,0.09503272885143033,-0.0,0.0,8.146353085728371,0.2172413201773269,3.048847471588897,10.927589227437974,46.357127278338346,16438.244345027066,164.38244345027067,16849.73865535561,164.49171934254503,133.2962073724652,65.69446331357061,0.45499140171637675,1.8435201815080715,133.75119877418157,67.53798349507869,1325.6878925990563,2469.3511178400277
236.20000000000002,2023-07-09 21:03:56.200,37021.54302160713,37.02154302160713,-5.024038013936258,13.803431031663328,,1635270.2454070626,1635.2702454070625,2202.1622792144844,321.01922698294294,-0.14475494375877748,-8.293847341031547,0.005824503023177385,77.3686722209642,7.889408944029226,7.7368672220964205,7.655949532305963,1.1160426385824538,0.9693793677707936,0.07719806529693873,-0.0,0.0,7.655949532305963,0.22386133610859882,2.4762860240439295,12.563889430761337,41.94560828508974,15473.73444419284,154.7373444419284,15961.464770494833,154.862983336236,105.03952646234283,66.06398571581632,0.23801222246654583,1.8445725733158702,105.27753868480939,67.90855828913216,1251.9558732090243,2225.437495884317
239.4,2023-07-09 21:03:59.400,36005.43668287758,36.00543668287758,-5.044547481716659,13.859780331286263,,1641945.8561921688,1641.9458561921688,1965.6481937817507,313.8098487234673,-0.15831106019721222,-9.070555599541775,0.006759444251656532,71.93061061707682,7.334880985563554,7.193061061707683,7.103111502731198,1.1339904837444632,0.96968651155499,0.06177122563473956,-0.0,0.0,7.103111502731198,0.22607519782421281,1.9811247214366523,14.48219795370102,37.67086664876037,14386.122123415365,143.86122123415365,14932.146778903721,144.00604321369067,81.02855007099622,66.36155376759902,0.11727385559876127,1.8451261525345468,81.14582392659499,68.20667992013355,1176.0909487728952,1990.539987760433
242.60000000000002,2023-07-09 21:04:02.600,35012.44618073707,35.012446180737065,-5.062817329425813,13.909976325331996,,1647892.4947744766,1647.8924947744765,1747.2464253557253,306.5924973223314,-0.17370342244995154,-9.952472993360217,0.007847290486097336,66.26659855607349,6.757312492652791,6.6266598556073495,6.5269382720429885,1.1452936893471977,0.9699868090481772,0.04906709095650974,-0.0,0.0,6.5269382720429885,0.22437397125553027,1.5734345151663516,16.65929318189621,33.7120398528169,13253.319711214697,132.53319711214698,13819.524335481676,132.69979004396592,61.768263056975,66.58980686025073,0.05585259570625829,1.8453948822156072,61.82411565268126,68.43520174246632,1100.3076186426779,1773.9416648618137
245.9,2023-07-09 21:04:05.900,34012.46655710999,34.01246655710999,-5.079503580069441,13.955821422196426,,1653323.6895741494,1653.3236895741495,1541.4389676715014,299.261838600799,-0.1917589469833018,-10.986978346016102,0.009115654975175858,60.394477959910866,6.158522835005926,6.039447795991087,5.928747878917147,1.1510335654258907,0.9702893611672737,0.03845037052750884,-0.0,0.0,5.928747878917147,0.2191945747861258,1.232795869549457,19.206990706920624,29.973325535835937,12078.895591982173,120.78895591982173,12665.463402619767,120.98102582689093,46.20182845529602,66.76763901657705,0.025222031583836284,1.8455238597930095,46.227050486879854,68.61316287637,1025.5406761585075,1570.2202836223057
249.3,2023-07-09 21:04:09.300,33007.13541839281,33.007135418392814,-5.094616270134044,13.997343196900138,,1658242.707359458,1658.242707359458,1349.8944851074107,291.94280304778533,-0.2129905252952157,-12.203458175690262,0.01061572227627039,54.47001655433698,5.554395900163357,5.447001655433699,5.323916508913145,1.151407851466857,0.9705936751475625,0.02975086827260919,-0.0,0.0,5.323916508913145,0.21056504459190373,0.9537228605873996,22.190745153427123,26.482488266204054,10894.003310867396,108.94003310867396,11486.411341381365,109.16194056020824,33.94457091113073,66.90352470873482,0.010830380498848722,1.845582577833085,33.95540129162958,68.74910728656789,951.4935692877401,1381.103081299437
252.70000000000002,2023-07-09 21:04:12.700,32026.153077633026,32.026153077633026,-5.107831180479629,14.033650864677409,,1662544.0182936552,1662.5440182936552,1178.5344653971597,284.96484582824746,-0.23724241268708882,-13.592988968471126,0.012358316220343113,48.80859504927113,4.977091570441602,4.8808595049271135,4.744145491019804,1.1471151062006877,0.9708907567666327,0.022933751460988975,-0.0,0.0,4.744145491019804,0.19915810089504404,0.7350742247434429,25.58148738145828,23.3480833582015,9761.719009854227,97.61719009854227,10329.775813867001,97.87300497235685,24.765592619108805,67.00302080985091,0.004557163903097587,1.8456075664620442,24.770149783011902,68.8486283763129,880.0505108127372,1212.4967832892942
256.3,2023-07-09 21:04:16.300,31012.552666402327,31.01255266640233,-5.119983582124336,14.067039313790234,,1666499.494093599,1666.499494093599,1017.9442862015961,278.0397126393329,-0.26663470948402596,-15.27704352513151,0.014408458955585957,43.21659476244522,4.406866234896241,4.321659476244522,4.168945280611167,1.1386992034264185,0.9711978597713558,0.017373179324107015,-0.0,0.0,4.168945280611167,0.18487452297916973,0.55675832580752,29.66758762025833,20.40093785374636,8643.318952489044,86.43318952489044,9206.94056231213,86.72986540109304,17.65067705454516,67.07902718331313,0.0017963070364242016,1.8456183906529817,17.652473361581585,68.92464557396599,810.9321733851433,1055.23298451813
259.90000000000003,2023-07-09 21:04:19.900,30022.95193965594,30.02295193965594,-5.13046833740613,14.095845942176668,,1669912.1689703455,1669.9121689703454,877.2452456984563,271.65456677638014,-0.3003025269698053,-17.20606737248342,0.016810787841677666,38.12030497967921,3.887189303144215,3.812030497967921,3.641430859396836,1.1276337231876206,0.971497831893144,0.0131601333166024,-0.0,0.0,3.641430859396836,0.16929602461107907,0.4216777123755038,34.3239643239975,17.813343398595727,7624.060995935843,76.24060995935842,8142.787981058392,76.5838496025984,12.555332173613325,67.13313506837054,0.0007036744685511258,1.8456226433180665,12.556035848081876,68.97875771168843,744.8517725812853,918.3438488665385
263.7,2023-07-09 21:04:23.700,29002.197120575867,29.002197120575868,-5.139958588685372,14.121920193272125,,1673001.1435094674,1673.0011435094673,748.3027428967233,265.5270220800861,-0.34097924113576605,-19.536671418652983,0.01962287910282612,33.34143217749206,3.3998798955292644,3.3341432177492063,3.1421887551054315,1.1149712210420544,0.9718073932132388,0.00983960044707129,-0.0,0.0,3.1421887551054315,0.15300342827588687,0.3152307972407391,39.93217745780945,15.445309207475807,6668.286435498412,66.68286435498412,7159.950752345274,67.08218612956222,8.77789017111206,67.17341761105237,0.0002627021280616415,1.8456243647865973,8.778152873240122,69.01904197583876,682.5325800518051,794.0161172680805
267.5,2023-07-09 21:04:27.500,28003.624380615303,28.003624380615303,-5.14804704191292,14.144143035873617,,1675633.847886354,1675.633847886354,637.1752690216135,259.97949233206276,-0.38739996969418117,-22.19638324697258,0.02292236126959324,29.220839417013778,2.9796963710353466,2.922083941701378,2.7055412569545845,1.103911712622739,0.9721103706328567,0.007392330779212856,-0.0,0.0,2.7055412569545845,0.139193672769095,0.23679082994300132,46.34376528453827,13.421982358538294,5844.167883402755,58.441678834027556,6277.525705372872,58.90511648687294,6.172777178687826,67.2016463507718,9.965477749775691e-05,1.845625011046309,6.172876833465324,69.0472713618179,624.5184949539043,688.1726962659901
271.3,2023-07-09 21:04:31.300,27025.24858236297,27.02524858236297,-5.154928210826302,14.163048892082891,,1677873.5942268,1677.8735942268,541.50441399412,254.88151362771526,-0.4399271049349241,-25.205966406180043,0.026720648631453514,25.747850084888242,2.6255500180885667,2.574785008488824,2.3296209568784816,1.0965327342178994,0.9724073575277203,0.005592014167759511,-0.0,0.0,2.3296209568784816,0.12971739085793854,0.17909580818213525,53.66901015472412,11.707783180152509,5149.570016977648,51.495700169776484,5527.261957503738,52.03239027132372,4.382533896835007,67.22157870305959,3.883155778492838e-05,1.8456252586982271,4.382572728392792,69.06720396175763,572.5462457283401,598.4911163620313
275.3,2023-07-09 21:04:35.300,26015.70228344275,26.015702283442753,-5.16105121159675,14.17987169843919,,1679866.565005563,1679.866565005563,455.06190843571284,249.79071677431537,-0.5020105070478071,-28.76308332506182,0.03125076740980148,22.74307916845964,2.3191486561118877,2.2743079168459643,1.9936967567591954,1.0943718484665508,0.9727139489507268,0.004207678891318164,-0.0,0.0,1.9936967567591954,0.12586557840714208,0.13473837134788968,62.51187622737885,10.19551909594496,4548.615833691928,45.48615833691928,4889.0937402618765,46.11127709919307,3.0987411676026033,67.23643791302189,1.4977303872580934e-05,1.8456253596807533,3.098756144906476,69.08206327270246,525.2644952266406,519.1114935115378
279.40000000000003,2023-07-09 21:04:39.400,25001.92100292118,25.00192100292118,-5.166305243790011,14.194307033251373,,1681576.6958751145,1681.5766958751146,379.2773087879931,244.5862465368827,-0.5727635800953977,-32.816935798269576,0.03678228333592415,20.283161271740482,2.0683068399239786,2.0283161271740484,1.7046099472291742,1.0992594050367195,0.9730219724401122,0.003180716955692796,-0.0,0.0,1.7046099472291742,0.12941814955230002,0.10183685447823172,72.9667881565094,8.91191805933665,4056.6322543480965,40.566322543480965,4354.582222925644,41.29599042504606,2.211781265513332,67.24724919318919,5.938655189077859e-06,1.8456254000108097,2.211787204168521,69.09287459319985,482.21051357384266,451.30223681748294
283.5,2023-07-09 21:04:43.500,24009.970987694072,24.00997098769407,-5.1706736027494165,14.206309000852478,,1682998.5496496928,1682.998549649693,314.3905742249488,239.08269202929694,-0.6501644577744936,-37.25167941989011,0.0434381365776062,18.35916170009542,1.8721134842270726,1.835916170009542,1.4613603743274084,1.1113118552630321,0.9733235044395686,0.0024366177719096454,-0.0,0.0,1.4613603743274084,0.14042496859537323,0.07800098339473434,85.05040841674804,7.853336374385887,3671.832340019084,36.71832340019084,3930.526588491097,37.568827484358316,1.6117433179827527,67.25503883153283,2.4977712038329704e-06,1.8456254163909969,1.6117458157539566,69.10066424792367,444.37259921057364,394.97084296118453
287.7,2023-07-09 21:04:47.700,23018.34747630402,23.018347476304022,-5.174362378467045,14.216443828842143,,1684199.2064012142,1684.1992064012143,257.48524527340936,232.8512799672962,-0.7352014710642536,-42.12394138379125,0.05145712196826935,16.835906413167123,1.7167846729685594,1.6835906413167123,1.2487118288480517,1.129245861636948,0.9736250773048714,0.0018826858283012952,-0.0,0.0,1.2487118288480517,0.1575034701603779,0.06025918505795797,99.36434233474732,6.957752052294776,3367.181282633425,33.671812826334246,3601.359193786926,34.66545624968172,1.192369565210254,67.26089283751314,1.0973948562450964e-06,1.8456254235732579,1.1923706626051103,69.10651826108628,411.3441789020782,347.15755805673587
292.1,2023-07-09 21:04:52.100,22009.332759551067,22.009332759551068,-5.177498619181989,14.225060579388435,,1685220.0189626256,1685.2200189626255,206.78080562913544,225.46530853661733,-0.8285978077320459,-47.47515729683869,0.061303962022066116,15.62567945927349,1.5933758683417365,1.5625679459273492,1.0561550158568533,1.151588106972291,0.9739320830789672,0.0014622983865564712,-0.0,0.0,1.0561550158568533,0.17911832227988034,0.046796453465073155,116.71986966514588,6.184620225754931,3125.135891854698,31.25135891854698,3345.6200443026305,32.41855761519844,0.8920758307354267,67.26545179889818,4.983442400702192e-07,1.8456254269219892,0.8920763290796668,69.11107722582005,382.026265793377,305.92957838389265
296.6,2023-07-09 21:04:56.600,21013.20152137527,21.013201521375272,-5.180053438135288,14.23207988677344,,1686051.5850051283,1686.0515850051283,163.12689382963995,216.89654336680513,-0.9259555064796454,-53.053342538182235,0.07329773902893066,14.704541110960193,1.4994458975246587,1.4704541110960194,0.8838476618752142,1.175180242957182,0.974235311349605,0.0011509591553263547,-0.0,0.0,0.8838476618752142,0.20209589076290335,0.036827247007487504,137.21171635818482,5.533451621902469,2940.9082221920385,29.409082221920386,3153.3113377570667,30.781199385502234,0.6810270614634482,67.26897276149127,2.3965901986518254e-07,1.8456254285153642,0.681027301122468,69.11459819000649,356.20926218121696,271.39361454348
301.3,2023-07-09 21:05:01.300,20016.407685020873,20.016407685020873,-5.182132787819856,14.237792853078943,,1686728.390923582,1686.728390923582,125.31589318505517,206.89077690506647,-1.0261885862239941,-58.79627497513163,0.08774934709072113,13.994403617253463,1.4270320259470322,1.3994403617253464,0.7250257275779913,1.1969841353902617,0.9745388830951062,0.0009144133900457633,-0.0,0.0,0.7250257275779913,0.22335966568520138,0.029253933326575072,161.7653296546936,4.971648911181183,2798.8807234506926,27.988807234506925,3014.278250877425,29.606460531053862,0.5277531592391052,67.27179965228783,1.20292412044233e-07,1.8456254293303906,0.5277532795315172,69.11742508161812,333.6067766824649,241.88399420621064
306.3,2023-07-09 21:05:06.300,19010.01273396939,19.01001273396939,-5.183803483143352,14.242383050755052,,1687272.1842505387,1687.2721842505387,92.79185675062615,195.3061794880453,-1.1272585038395069,-64.58715469023545,0.10527369379997253,13.427717384719928,1.3692461120484496,1.3427717384719928,0.5762339003110463,1.212843944525188,0.9748455228113452,0.0007308413878952065,-0.0,0.0,0.5762339003110463,0.23872926310173803,0.023377416212722654,191.51441592407227,4.475755341824215,2685.5434769439858,26.855434769439857,2915.2423714304214,28.770578928680578,0.41311121188673977,67.27414104299862,6.214942983966706e-08,1.8456254297710482,0.4131112740361696,69.11976647276956,313.4241226031671,216.22865773399533
311.6,2023-07-09 21:05:11.600,18008.126597718943,18.00812659771894,-5.185089769015246,14.245917092143044,,1687690.8564428024,1687.6908564428024,65.89781823497678,182.48300282300875,-1.224251750077248,-70.14445834093117,0.1262550950050354,12.945412151803817,1.3200646654875843,1.2945412151803817,0.4396907120561736,1.2175832766313088,0.9751509325093702,0.0005884965224543489,-0.0,0.0,0.4396907120561736,0.2430208406443929,0.018821284383716122,227.04315684890747,4.036172419987245,2589.0824303607633,25.890824303607634,2844.284587451481,28.161255872096707,0.3265702168230093,67.2760928236661,3.300113175420484e-08,1.8456254300153068,0.32657024982414107,69.12171825368131,295.19676636111933,194.01692907432653
317.3,2023-07-09 21:05:17.300,17006.43851601835,17.00643851601835,-5.1860484836276886,14.248551138892433,,1688002.9077195185,1688.0029077195186,44.37845393851242,168.83996036851084,-1.3137668452554254,-75.2732954973526,0.15085265040397644,12.492033646087311,1.2738329241981015,1.2492033646087313,0.3175584165786899,1.2081662543747074,0.9754564253362745,0.0004765363525925806,-0.0,0.0,0.3175584165786899,0.23318636539102533,0.015238189695606492,269.50142572021485,3.6391672622504756,2498.4067292174623,24.984067292174622,2790.493679785775,27.679081549376768,0.2597283312173583,67.27775664590085,1.781186399696485e-08,1.8456254301557435,0.25972834902922226,69.12338207605639,278.57086485999355,174.5748532613245
323.5,2023-07-09 21:05:23.500,16002.440066692243,16.002440066692245,-5.1867301645477895,14.250424041827674,,1688224.7875142652,1688.2247875142652,28.003810876839374,155.05475861571685,-1.3921165241749318,-79.76240142564544,0.17914161086082458,12.038870229593403,1.2276231159053708,1.2038870229593404,0.21396750263254297,1.1847201660590978,0.9757627668501896,0.000388249541933587,-0.0,0.0,0.21396750263254297,0.20934564875084183,0.012413095796502004,320.0581409225464,3.278267628314687,2407.7740459186807,24.077740459186806,2746.6033528361218,27.278321868412274,0.2077027996059489,67.2791991357942,9.750847156125224e-09,1.8456254302386201,0.20770280935679605,69.12482456603264,263.24555006754605,157.56329392661226
330.20000000000005,2023-07-09 21:05:30.200,15007.537152947585,15.007537152947585,-5.187180616690902,14.251661648919425,,1688371.4048334695,1688.3714048334696,16.48926904781137,142.11453006030456,-1.455284806358831,-83.38167739387428,0.21054506301879883,11.59190808626052,1.1820456614909802,1.159190808626052,0.13360232230552194,1.1514659136412557,0.9760664754971828,0.0003201496846088635,-0.0,0.0,0.13360232230552194,0.1757195878286817,0.010234217823996158,378.9756046142578,2.956227243839746,2318.381617252104,23.18381617252104,2711.219069517454,26.97357221866362,0.16803567600611283,67.2804519221949,5.50320406972862e-09,1.845625430288244,0.1680356815093169,69.12607735248298,249.28512273527454,143.0679406715296
337.5,2023-07-09 21:05:37.500,14013.056924332786,14.013056924332787,-5.18745935922991,14.252427487751191,,1688462.1325266159,1688.462132526616,8.959733601014676,130.63742578275668,-1.502318824264091,-86.07652811338842,0.24400804936885834,11.17706666991223,1.1397436096844724,1.117706666991223,0.07647795873261257,1.1150871334854158,0.9763701968401947,0.00026823119652001794,-0.0,0.0,0.07647795873261257,0.1389851678417412,0.008573206920673204,447.27245178985595,2.6720453424518085,2235.413333982446,22.35413333982446,2688.0058266279175,26.82685785772302,0.1382218188200051,67.28156427954437,3.246961949887641e-09,1.8456254303193163,0.13822182206696704,69.12718970986339,236.89291344276523,130.94431580388058
345.5,2023-07-09 21:05:45.500,13008.300810288412,13.008300810288413,-5.18761866679585,14.252865181691366,,1688513.9854228776,1688.5139854228776,4.435953353324737,120.86146071324926,-1.5341099997237542,-87.89802829298701,0.27894145250320435,10.838193084386848,1.1051881207534529,1.083819308438685,0.03975243119101083,1.0830900412980045,0.9766772005021682,0.00022885719613472823,-0.0,0.0,0.03975243119101083,0.10664169799197087,0.007313585183946583,526.2006475906372,2.42587674126114,2167.6386168773697,21.676386168773696,2686.004230289426,26.93839264468007,0.11611227728196408,67.28257694997686,2.028613285762074e-09,1.8456254303399209,0.11611227931057737,69.12820238031641,226.20216746449904,120.94283925844128
354.1,2023-07-09 21:05:54.100,12004.673832268603,12.004673832268603,-5.187700223418698,14.253089256671041,,1688540.5312248853,1688.5405312248852,2.007868544087546,112.79526622558748,-1.5529972065830084,-88.98018553281281,0.31499210000038147,10.59267178837409,1.0801519161358968,1.059267178837409,0.01885302834866814,1.0590993907486907,0.9769840037332783,0.00019915526742364222,-0.0,0.0,0.01885302834866814,0.08231454228283608,0.006363401809495747,615.2872520751953,2.217837779901575,2118.5343576748182,21.18534357674818,2711.9367009963134,27.338216097500137,0.09987607847695124,67.28350225981697,1.3524103563991093e-09,1.8456254303541915,0.09987607982936159,69.12912769017078,217.23116037970732,112.81313584415378
363.20000000000005,2023-07-09 21:06:03.200,11009.47402644308,11.00947402644308,-5.187737883630739,14.253192727253237,,1688552.7892181356,1688.5527892181356,0.8340676618908751,106.10561808955686,-1.5629357582573373,-89.54962259822453,0.3519788384437561,10.43021910838639,1.0635863529733793,1.0430219108386392,0.008198660785170998,1.0429896876052112,0.9772883735947782,0.00017621533023733294,-0.0,0.0,0.008198660785170998,0.06587752934067037,0.005629548929515753,714.0475906066895,2.042909437343619,2086.043821677278,20.86043821677278,2765.5624027421036,28.000914122839678,0.08767780946356185,67.284353328239,9.53558668260502e-10,1.8456254303645405,0.08767781041712051,69.12997875860309,209.7780412839964,106.10889622944678
372.90000000000003,2023-07-09 21:06:12.900,10009.140846824032,10.009140846824032,-5.187753861277825,14.253236625477822,,1688557.9897701123,1688.5579897701123,0.3126778969973224,100.2516062851105,-1.5676774053660316,-89.82129896549311,0.39095327258110046,10.33208870255153,1.0535798363917883,1.0332088702551532,0.003222492061369236,1.0332038449013072,0.9775944567968431,0.00015732400645461156,-0.0,0.0,0.003222492061369236,0.05576671211091866,0.005025241165106038,824.3571529541016,1.8923537950690468,2066.417740510306,20.66417740510306,2844.411934701991,28.90774893464408,0.07789693117120114,67.2851548744108,6.951678874055188e-10,1.845625430372455,0.07789693186636902,69.13078030478276,203.40034371350524,100.2520938944024
383.20000000000005,2023-07-09 21:06:23.200,9004.71333481298,9.00471333481298,-5.187759935668785,14.253253314729811,,1688559.9669189216,1688.5599669189216,0.10468649970373542,94.8302161844136,-1.5696923911360987,-89.93674914589688,0.4341023564338684,10.27650711785335,1.0479120920858143,1.027650711785335,0.0011344600351060401,1.0276500855998283,0.9779019374909277,0.00014078954065360372,-0.0,0.0,0.0011344600351060401,0.049888937649554155,0.004496390430422919,947.3861102600098,1.760456242915658,2055.30142357067,20.5530142357067,2946.3139974856913,30.026875338306798,0.06951141917737788,67.28591315865157,5.132930400847982e-10,1.84562543037863,0.06951141969067093,69.13153858902959,197.61822664543814,94.83027396799947
394.0,2023-07-09 21:06:34.000,8008.456477198651,8.008456477198651,-5.1877619738811145,14.253258914672159,,1688560.6303350732,1688.5606303350733,0.03129276308677847,89.69797617421995,-1.5704474587027508,-89.98001133071327,0.48286449909210205,10.233061106579077,1.0434818318772545,1.0233061106579078,0.00035699884326470315,1.0233060483851544,0.9782070602646785,0.00012598228067767117,-0.0,0.0,0.00035699884326470315,0.045224970401153475,0.004022863954493975,1083.1618646240233,1.6429414286403998,2046.6122213158155,20.466122213158155,3066.120654350398,31.29774085939839,0.062059390562992076,67.28662295634149,3.796212080291493e-10,1.8456254303834172,0.062059390942613285,69.13224838672414,192.09338015042871,89.69798163274328
405.5,2023-07-09 21:06:45.500,7005.592949585387,7.005592949585387,-5.187762586462061,14.253260597724456,,1688560.8297235689,1688.5608297235688,0.008071987761538528,84.75615323075796,-1.5707010890165236,-89.99454327724902,0.5380631685256958,10.191363529686138,1.039229862357292,1.0191363529686137,9.70602819691746e-05,1.0191363483467109,0.978514350709804,0.0001125005917186447,-0.0,0.0,9.70602819691746e-05,0.040734498228625515,0.003591802787816355,1235.5160161132812,1.5351751601319,2038.2727059372276,20.382727059372275,3201.6831128155895,32.73788722050509,0.0552965462488055,67.28729703135696,2.793010974588427e-10,1.8456254303871766,0.055296546528106595,69.13292246174336,186.67699364072257,84.75615361513705
417.70000000000005,2023-07-09 21:06:57.700,6000.529139040666,6.000529139040666,-5.187762744200849,14.253261031108217,,1688560.8810658434,1688.5608810658434,0.0017726878049164358,80.0612502087442,-1.5707741851495938,-89.99873137717269,0.6004257202148438,10.149607561918664,1.0349719386251843,1.0149607561918665,2.2472901058074424e-05,1.0149607559430731,0.9788224606467072,0.00010039808446610866,-0.0,0.0,2.2472901058074424e-05,0.036238693380831966,0.0032049018940647827,1405.9508594665529,1.4361689474092352,2029.921512383733,20.299215123837328,3354.696338967721,34.35872371850286,0.049238945306845874,67.28793391917492,2.051401900390844e-10,1.845625430390108,0.049238945511986064,69.13355934956418,181.35065869338138,80.06125022836932
430.5,2023-07-09 21:07:10.500,5003.995763665435,5.0039957636654355,-5.187762778462657,14.253261125241764,,1688560.8922176922,1688.5608922176923,0.00033149763181288314,75.70791624300206,-1.5707919481559345,-89.99974912246746,0.6694949865341187,10.108319502427271,1.0307617282586075,1.0108319502427272,4.426068161492857e-06,1.0108319502330372,0.9791280992131823,8.97906408657206e-05,-0.0,0.0,4.426068161492857e-06,0.03179364166072052,0.0028658442909836536,1594.451171295166,1.3458598773618868,2021.6639004854544,20.216639004854542,3525.835430176664,36.1611507178062,0.043940141125054816,67.28852946596002,1.5154045737494388e-10,1.8456254303923716,0.043940141276595276,69.13415489635152,176.20904504461794,75.70791624372782
444.1,2023-07-09 21:07:24.100,4002.2275589893434,4.002227558989343,-5.187762784805707,14.253261142669166,,1688560.8942822875,1688.5608942822876,5.078721546394931e-05,71.67613264784465,-1.5707956182296658,-89.99995940220276,0.7448583841323853,10.06977077618785,1.026830852145009,1.006977077618785,7.135089453857461e-07,1.0069770776185323,0.9794354876178595,8.04944199301784e-05,-0.0,0.0,7.135089453857461e-07,0.027622084420602988,0.0025687339956770006,1805.3554905090332,1.2623924967418145,2013.9541552375701,20.1395415523757,3717.405463705819,38.193096457466034,0.039309570843553715,67.28909474465694,1.1269637097465224e-10,1.8456254303941537,0.03930957095625009,69.13472017505022,171.3137600533553,71.67613264786264
458.40000000000003,2023-07-09 21:07:38.400,3004.084754064442,3.004084754064442,-5.18776278576048,14.253261145292399,,1688560.8945930568,1688.5608945930567,6.3758314329541755e-06,67.97968004381414,-1.570796233004643,-89.99999462621432,0.8265587687492371,10.03876075594055,1.0236687101039141,1.003876075594055,9.415379173786467e-08,1.0038760755940506,0.9797419075740721,7.241737911544552e-05,-0.0,0.0,9.415379173786467e-08,0.024206585399093816,0.0023106184494296918,2038.6197961425783,1.1861453519935492,2007.7521511881098,20.0775215118811,3932.506951928855,40.46371947330688,0.03530511785941607,67.28962753613256,8.470145807107306e-11,1.8456254303955544,0.03530511794411753,69.13525296652719,166.69665685749692,67.97968004381444
473.5,2023-07-09 21:07:53.500,2003.9109832572797,2.0039109832572795,-5.1877627858779665,14.253261145615175,,1688560.8946312943,1688.5608946312943,6.369236912988781e-07,64.54009293600913,-1.570796316926245,-89.99999943456791,0.9153099060058594,10.014428185184618,1.0211874784135886,1.0014428185184618,9.882890185970608e-09,1.0014428185184618,0.9800490952754043,6.52847607843384e-05,-0.0,0.0,9.882890185970608e-09,0.021459008003841817,0.002082711798094348,2297.5653241577147,1.1159509906416198,2002.8856370369238,20.028856370369237,4173.052566883924,43.00450961194639,0.03178422543016271,67.29013345463794,6.407550865509829e-11,1.8456254303966695,0.03178422549423822,69.13575888503361,162.33241336323456,64.54009293600913
489.40000000000003,2023-07-09 21:08:09.400,1003.6984733309121,1.003698473330912,-5.187762785889412,14.253261145646627,,1688560.8946350217,1688.5608946350217,4.9753345876270165e-08,61.310931724725265,-1.5707963259834044,-89.99999995350493,1.0125563144683838,9.995461702505434,1.0192534354244758,0.9995461702505435,8.111239886644656e-10,0.9995461702505435,0.9803564393790755,5.892458915563229e-05,-0.0,0.0,8.111239886644656e-10,0.01924865546062371,0.0018795151744769613,2584.113900512695,1.0512634892180606,1999.092340501087,19.990923405010868,4441.426619142822,45.83206241013782,0.028656070896190818,67.290613434934,4.86663678045117e-11,1.8456254303975597,0.028656070944857184,69.1362388653306,158.158210877427,61.310931724725265
506.1,2023-07-09 21:08:26.100,5.6259972997129335,0.005625997299712934,-5.187762785890278,14.253261145649017,,1688560.894635304,1688.560894635304,2.980199782783926e-09,58.24941409848809,-1.570796326743734,-89.9999999970686,1.1199108362197876,9.98093832578034,1.017772463153099,0.998093832578034,5.106516626609273e-11,0.998093832578034,0.9806632700295618,5.3195121558316e-05,-0.0,0.0,5.106516626609273e-11,0.01748375767003052,0.0016964971214085715,2900.4716479492185,0.9915562390187665,1996.1876651560679,19.96187665156068,4739.479380657611,48.96659313105287,0.025846883772353654,67.29106808898273,3.7009470734183696e-11,1.8456254303982709,0.025846883809363126,69.13669351938005,154.1275570130276,58.24941409848809
506.20000000000005,2023-07-09 21:08:26.200,0.0,0.0,-5.187762785890279,14.253261145649018,,1688560.8946353043,1688.5608946353043,2.929134616517833e-09,58.23193034081806,-1.5707963267445955,-89.99999999711797,1.1773306131362915,9.980695803168476,1.0177477327291662,0.9980695803168477,5.020405550843084e-11,0.9980695803168477,0.980665,5.3163239853359294e-05,-0.0,0.0,5.020405550843084e-11,0.017457743556701044,0.0016954788556089433,2902.356810913086,0.9912221219149756,1996.1391606336952,19.961391606336953,4898.495971546781,48.98495971546781,0.025831056207966382,67.2910706736711,3.6949197028302683e-11,1.8456254303982746,0.02583105624491558,69.13669610406842,152.15207647226654,58.23193034081806
